tsne_dim1,tsne_dim2,top_attribute_variance,top_attribute_values
40.57305,9.45594,5,0
-26.745049,-43.21193,1,6
43.022877,13.211735,0,4
45.20731,-1.5629878,7,4
9.696016,32.722607,0,7
-5.085111,1.953683,2,5
-48.469826,20.300444,6,8
15.338727,31.832838,0,7
-21.021103,-48.598194,7,6
40.482544,24.368544,8,1
24.015278,32.248894,0,0
-18.547892,14.524127,5,7
-39.24493,-22.788177,0,6
-8.629778,12.26316,3,5
-51.248634,0.16854538,4,4
6.9570665,-18.406939,0,2
15.900558,17.897144,1,0
12.660482,-22.547747,8,7
25.132092,27.35946,0,0
-46.826817,-21.786188,7,4
-27.902237,37.299908,8,3
9.780154,-11.982286,1,5
17.168625,27.42059,0,7
-4.6249094,21.025604,7,5
40.383987,8.206049,2,0
29.485554,-10.328698,6,7
-3.7769535,-11.506907,0,2
-32.728264,24.58161,3,2
40.169956,3.7311726,4,4
48.829674,19.255312,8,0
7.9781184,-20.927607,2,3
-12.484024,8.883646,3,7
-37.335888,-38.134506,4,6
-12.184865,-30.925606,4,6
18.029518,7.080019,3,7
44.124565,15.088911,1,4
-10.790408,9.257237,6,3
19.84741,-19.892273,1,7
33.912094,-12.319185,2,4
-17.83809,-47.260124,3,6
5.376172,-18.477573,1,5
31.413095,9.513398,0,0
16.233051,20.985888,3,0
-32.568497,-28.7598,0,6
9.417728,-5.1104226,4,3
30.326199,29.17899,6,0
-50.04378,21.142403,1,8
35.050938,0.03531237,4,4
21.605127,27.043722,0,7
-50.119785,-29.857363,7,6
11.659365,23.946114,0,7
-34.157272,-19.980152,0,6
53.65141,10.58392,3,7
12.906035,0.77575296,8,0
-5.3368783,6.6905093,5,3
-18.158434,-31.000065,4,6
48.515007,10.919749,0,4
13.082349,-22.804932,8,7
27.66212,23.868841,7,0
-43.83234,-27.144396,4,6
38.463745,-3.4334111,2,4
50.59295,4.604835,0,4
-47.870598,23.361353,8,8
29.113712,21.427326,4,0
7.9211316,22.394924,0,5
20.065298,-7.6560903,4,1
15.985406,-3.9703248,7,1
-31.131916,-47.88166,8,6
-46.678116,-22.027147,4,6
14.260353,3.292496,0,8
-46.148247,20.882051,1,8
-19.174364,-12.380612,5,8
35.992237,-10.725862,2,4
-23.100748,-34.735756,1,6
39.237595,19.103083,0,0
-26.081617,36.213585,6,3
12.672577,-1.2531623,2,7
12.006655,3.2555451,3,7
-32.841095,-18.64801,0,6
-28.815577,-30.68394,8,6
42.071754,20.079836,7,7
16.394659,10.348506,5,0
47.812984,10.38167,0,4
27.193499,15.571973,1,0
-29.123499,-45.25046,3,6
18.131227,30.564302,7,0
20.575245,32.07259,0,0
5.6651144,-15.495016,4,5
-14.883193,12.49719,6,8
45.082382,4.6442537,0,4
14.961349,28.861174,1,7
-6.3984556,22.45039,4,5
-17.945,-27.7506,7,6
-10.25243,20.733799,6,1
52.155037,8.880439,1,4
16.389252,-13.357891,3,7
4.140052,28.979992,8,5
2.179084,24.902517,6,5
7.1013813,28.616535,0,0
18.956963,36.8505,6,0
29.610958,-11.674859,0,4
-31.454159,-40.21504,3,6
9.611778,5.839892,0,7
-27.43786,-36.935898,4,6
-52.46188,-3.0177326,4,4
44.775986,13.572635,0,0
-15.228069,-40.488064,7,6
-46.71184,-27.198505,3,6
19.93439,27.26814,1,0
18.243492,-10.883178,5,7
0.36826795,6.4638486,1,3
-15.758767,-37.37447,7,6
-38.021717,-39.45045,6,6
34.119457,-8.4609375,3,7
-29.456297,-26.072569,6,6
20.263298,6.577957,8,0
33.180897,-4.4282656,4,4
-18.486084,-35.767143,3,6
40.48879,2.8506763,4,4
8.276541,-8.1949835,2,3
-52.660393,0.25681058,0,4
-14.682034,-28.368837,5,6
-1.2589197,-15.017417,6,3
0.38211152,16.096828,6,7
-4.070586,8.769809,5,5
13.67479,5.9556136,4,7
29.530931,-8.327973,3,7
-16.132065,-17.43289,0,1
-26.391577,-30.667547,1,6
-40.54891,-32.59306,2,6
-1.7478507,16.761343,5,7
-32.272194,23.900621,2,2
-4.5271716,17.636951,0,8
17.188059,-19.01698,5,4
5.265971,30.573112,0,1
-4.0115137,26.389324,6,5
22.410368,21.876663,0,0
-26.262207,-52.61195,0,6
-33.088867,25.741894,7,2
-1.466813,-4.1493683,1,7
4.4279346,12.827255,0,7
-27.903204,-24.796518,7,6
-39.67491,-19.913544,6,6
25.203085,6.508553,7,7
32.26384,16.497736,0,0
-43.224144,-17.549988,7,4
-49.85909,-4.4425063,0,4
19.720531,-17.095095,8,4
-27.568823,-27.867971,4,6
50.26526,10.344924,2,7
36.814487,-0.21275094,2,4
21.848976,3.6785767,3,0
23.80572,8.525071,4,7
-30.602371,-30.902254,0,6
36.734886,6.0494595,3,4
-30.772705,-26.348593,0,3
-17.585297,15.484028,7,3
42.76311,7.9630737,2,7
-39.47137,-30.857025,6,6
3.2131488,-16.245716,3,8
8.978979,33.70953,6,7
23.078655,-16.427145,5,7
-21.108353,-49.084805,7,6
-21.582792,-39.5027,8,6
-9.17552,-0.6415014,6,5
-46.581696,-31.214111,0,6
16.770967,-19.168798,5,4
28.714985,18.947512,4,0
-17.695202,-16.608088,4,1
-45.114548,-28.37034,1,6
1.5754678,-2.657413,6,5
-25.932955,-24.75122,3,6
-16.273775,-19.64102,5,5
-31.716574,-32.617725,7,6
-36.314495,-37.704384,0,6
-39.17342,-21.084837,2,6
-34.493214,-47.005306,2,6
-40.03191,-23.071514,1,6
17.780167,1.763998,0,5
-44.592113,23.73936,8,8
-9.827955,15.780526,7,5
-19.884863,-36.75665,0,6
26.474152,12.251813,7,0
10.217601,-2.4733725,3,3
-32.731846,-36.287704,2,6
-1.4980628,25.034807,7,0
-29.657507,-44.248013,3,6
-18.545773,15.738913,7,3
-36.395283,-22.706264,0,6
2.2383914,1.2882355,7,5
-23.78075,-29.122122,2,6
10.549563,36.57574,4,0
-33.044407,-17.995567,3,6
-16.750906,-31.82061,5,6
0.30987322,6.443134,1,3
-18.37782,16.367466,7,3
47.628006,5.493616,5,4
14.07045,19.215837,6,0
-23.812567,-47.902393,0,6
37.225967,13.894117,8,1
3.205168,-0.23017754,7,5
35.626892,20.312464,7,7
-16.670965,16.201782,0,3
-52.188694,-2.6012723,4,4
9.512278,-21.931345,2,3
-31.316423,-24.915955,4,6
2.0120273,16.877043,7,7
36.98434,3.7937129,6,4
-26.37846,-51.909462,8,6
-4.2833457,2.937752,3,7
-25.618246,37.915234,2,3
4.594431,8.670554,4,0
-28.574854,35.46915,0,3
-44.646397,-32.400074,8,6
-11.969025,10.049875,0,0
-10.722188,6.6766562,7,3
25.920073,0.015627885,3,0
8.758853,0.78670317,4,0
-31.23391,-40.012684,3,6
16.165394,34.17926,7,1
17.490942,17.239265,3,0
26.501148,-14.919419,0,3
-36.770763,-36.113884,8,6
10.473487,-11.480887,3,5
-42.390217,25.846313,0,8
21.276985,30.103863,0,0
-15.155161,14.181343,7,3
-2.1887612,5.8849573,1,5
44.667377,9.949709,6,4
46.515038,8.999128,0,0
-44.733177,25.967735,8,8
48.814884,12.827231,5,0
28.059647,-8.600657,0,4
21.266747,36.088757,1,7
1.7176032,8.746151,7,7
53.968826,2.3966134,0,2
53.699287,13.180866,0,4
-33.418846,-38.398693,8,6
-15.302288,8.155468,2,3
21.230556,-0.25053984,7,7
-1.3107425,-14.871917,6,3
52.649696,7.8380547,0,4
-1.6524252,16.980837,5,7
-33.661587,-28.153856,3,6
-34.868034,-38.885826,7,6
16.512335,35.840702,5,1
-29.975822,-20.737858,3,6
-24.008703,-49.324474,2,6
-22.702562,-52.160538,7,6
40.75098,20.039183,3,4
-21.788153,-23.139978,2,6
-19.084124,-34.556534,2,6
12.0294,11.335575,3,0
-37.93805,-19.508976,3,4
-26.194603,31.853981,7,3
-42.629025,-16.67649,6,4
28.585562,7.940671,5,3
-4.1488037,3.0159295,3,7
15.653534,25.131226,8,0
12.793481,-11.614331,4,5
-27.276207,-22.769228,5,6
-20.845821,-44.162975,3,6
40.055344,-3.3511891,7,4
-11.725468,-40.844406,2,5
-14.408306,-46.863182,7,3
-1.9318014,-2.9013426,4,7
24.279057,-1.5140561,6,7
24.833378,9.943343,7,7
6.8864546,-7.050356,0,7
-27.647444,-41.391888,2,6
10.432988,33.85558,7,0
-9.461692,6.748712,6,7
-22.851192,-26.569876,4,6
48.301105,4.707413,6,4
-31.566498,34.38553,8,3
-26.313547,-38.448223,2,6
23.797546,27.630447,6,7
30.954266,9.41509,0,0
4.0288196,31.328144,6,0
9.361863,27.550268,3,0
26.443424,12.097983,2,0
-42.000935,-38.337467,1,6
-42.155987,-38.548813,1,6
5.8341656,-11.334668,0,5
39.69376,-3.4701574,4,4
-11.372422,11.378681,0,0
24.76545,31.351782,3,0
-47.43942,24.76609,0,8
4.3878393,31.893406,0,0
14.710682,10.567081,0,0
-30.542088,-24.938866,4,6
33.824905,-7.2826133,2,3
-6.05733,18.614445,0,5
-34.855564,-35.647976,7,6
22.102634,26.600176,0,7
7.772025,17.413353,7,0
39.628937,14.703711,5,0
-29.0653,-28.325554,7,3
-6.4166255,-1.4584441,7,5
4.548655,5.404776,6,7
5.014618,-5.0298114,0,5
-35.24204,-37.346436,5,6
4.0640182,28.769491,8,5
32.781597,15.0971575,6,0
27.108011,11.385628,4,0
18.64348,-5.9141006,2,7
7.461253,11.938848,7,5
47.488422,12.701818,3,0
-32.22489,25.910696,6,2
43.191555,6.7714643,0,0
34.69135,3.1368983,7,4
11.327966,33.77295,7,0
30.407843,13.174657,1,8
46.302757,9.425145,7,0
13.667592,23.334291,7,0
-33.19391,16.364605,2,5
-6.1214066,8.289958,7,5
-7.579233,12.254989,8,7
18.054445,15.214641,4,7
45.68881,-2.96501,4,7
-47.89821,-32.16684,3,6
15.782792,10.941394,7,0
-48.996536,25.295406,6,8
-24.42547,-45.887108,6,6
24.96961,34.363483,0,0
28.5537,1.5478166,6,0
21.643225,21.163773,5,0
-48.75463,-28.326822,6,6
12.336628,9.4702215,0,0
7.258266,9.750458,7,7
26.558414,24.48812,4,0
50.10542,9.252132,0,4
36.88588,19.40049,4,1
-22.122437,-39.434998,8,6
29.721111,1.162441,3,5
46.064598,12.961998,7,4
34.121487,19.179705,0,7
-1.3928407,24.71479,5,0
24.16661,-13.488949,0,2
-14.917033,22.894068,8,5
4.232976,16.287308,3,0
-18.618666,-13.034175,7,8
-3.0560775,-5.7321506,4,7
1.1564825,21.169079,0,5
19.320189,29.056854,5,7
-3.9318838,-1.1293797,1,5
-34.52982,-24.260296,6,6
16.854172,32.720505,6,0
-24.324991,-40.83317,1,6
31.25178,9.827343,0,0
17.635973,-14.134111,1,7
-34.63501,-27.952486,4,6
6.143828,-20.27432,7,5
12.285725,12.590607,3,7
10.927925,10.375635,8,0
-20.22232,-45.720802,0,6
-46.54866,20.916475,1,8
27.602934,29.672222,0,0
-34.82349,-21.22401,7,6
16.439188,15.952938,4,0
-41.01434,-26.354063,4,6
26.239307,-5.1396036,0,0
-46.5867,-23.153357,8,6
40.286385,1.4422046,1,4
-31.920334,-35.783688,2,6
17.256706,-14.220772,1,7
-31.399416,-33.79499,7,6
3.759647,4.91728,2,7
-27.163084,35.632927,8,3
-47.923237,-34.811172,5,6
32.31164,-2.6253397,7,4
-32.100067,-42.02178,1,6
17.484531,-17.102499,0,7
22.10137,-21.025726,3,0
19.646637,-12.865306,3,7
-2.5210383,2.88406,0,5
-31.662123,24.579763,2,2
-13.861205,-34.415195,1,6
-32.374588,-22.004827,0,6
-19.009378,-27.440306,5,6
29.994053,-9.220003,5,4
23.317951,23.588398,3,0
-39.05084,-19.079466,3,6
-35.729122,-27.906187,3,6
41.603508,-6.4503455,7,4
29.137909,-9.280834,3,4
40.875546,25.716324,7,1
-32.917694,-43.031857,4,6
22.46685,-7.3055973,0,7
-2.3299296,-4.1928773,1,7
23.72156,30.389055,7,7
25.205381,33.342728,6,0
27.046339,29.116219,3,0
5.2177954,11.128753,3,0
32.967575,20.722538,0,7
-18.544146,-28.876837,0,6
-16.38193,11.923855,1,7
-28.58459,-25.41104,5,6
-0.15249978,14.478897,6,7
17.269407,27.488033,6,7
-1.8437443,-8.261266,0,7
-2.0408497,11.204107,7,0
42.841236,10.535318,5,2
34.13355,4.9838877,4,0
25.260147,-9.24277,0,3
-49.390343,-33.977345,0,6
33.275948,-8.687675,3,7
3.1639667,11.77676,6,7
-42.890827,-29.580254,4,6
-1.9983271,-3.7648966,1,7
33.721203,19.186739,3,0
-32.732807,-42.26255,4,6
13.368782,29.409304,8,2
-33.242542,14.45701,2,5
-15.373011,9.649564,2,3
-19.770178,-37.39142,0,6
6.508193,-20.00516,7,5
-52.37874,-3.1568253,4,4
-25.9586,36.71765,7,3
6.142069,-4.851178,1,5
-27.950394,33.560818,6,3
-24.278814,-22.659277,2,1
-12.622838,-41.00108,2,6
39.10039,0.84033823,7,4
-34.96116,-27.472351,0,6
17.69333,-18.875715,5,4
-25.61661,-51.277065,3,6
11.68436,14.364203,5,7
-15.435491,-29.957396,0,6
-32.815006,-36.02599,2,6
12.9873295,20.76547,1,0
-48.24514,28.418604,0,8
-24.791756,-39.13004,3,6
-25.592384,37.230278,2,3
-39.696873,-25.557812,2,6
40.362778,23.404123,8,0
41.5177,22.23602,7,4
34.624107,-10.160844,0,4
-17.65928,-22.345003,7,6
19.895535,26.391306,1,0
19.819168,14.359195,0,0
15.238801,4.810522,0,7
-48.587734,-33.44911,0,6
7.667925,3.7691312,2,8
17.966063,-8.792321,7,7
-1.3913536,-14.963779,6,3
-29.049725,34.611588,0,3
13.578128,4.8769107,6,7
-23.922615,-49.47081,2,6
18.02602,11.582025,0,2
24.874046,9.43858,7,7
19.762766,-17.436657,8,4
-30.472748,30.7365,0,3
15.125479,-22.419817,7,4
46.537315,22.478848,7,0
-31.09106,-47.193615,6,6
-24.109531,-23.45979,2,1
-32.25859,-26.630474,7,6
21.360773,-6.158261,1,1
-1.549602,2.4862173,4,7
20.37838,-20.85398,2,4
32.40324,-13.992702,4,7
33.293575,10.517764,0,0
46.25919,18.184689,2,0
14.249616,3.880697,0,8
-19.27908,-33.03164,2,6
-29.865076,34.904892,0,3
-50.611183,0.018105438,6,4
43.158417,2.5433886,3,2
-44.078377,-36.878433,6,6
29.696579,-5.5643806,0,0
-33.47928,-35.59025,0,6
37.54868,4.940704,4,4
20.01712,5.1446395,7,7
17.706244,8.939768,8,7
-32.825684,-40.814655,6,6
-47.77071,-33.736702,0,6
-2.6972435,-5.860136,4,7
9.609114,-5.4843535,5,3
-32.783092,14.165593,2,5
-49.19446,-35.63598,0,6
-21.451893,-28.79097,7,6
28.384933,1.2432216,6,0
3.031994,1.2007672,3,5
-47.196285,25.199812,0,8
29.42179,-6.760834,7,7
-21.48481,-41.49514,6,6
16.567402,36.434155,7,1
-39.86663,-28.085892,6,6
-30.454733,-40.89807,1,6
-16.002718,10.777287,0,0
4.6772823,19.159603,3,5
5.226801,-8.051621,3,5
16.39135,8.649731,0,7
-31.25084,-42.516075,1,6
9.256803,3.6791813,2,8
-4.906792,16.19416,7,5
33.5701,26.002127,1,7
7.0171595,-2.1545255,3,0
21.904772,3.1866822,3,0
-45.007557,-21.994337,0,4
24.169579,-1.539033,7,7
37.082024,19.076351,4,1
18.099764,13.186242,5,7
-31.537766,-31.688683,1,6
6.6783204,2.0749266,8,3
51.90991,11.89807,7,0
-45.784283,-31.455807,6,6
30.62842,-9.750813,7,7
14.20096,10.608325,2,0
34.302933,21.197552,5,7
-31.937752,24.123491,2,2
-28.891481,34.30251,0,3
-1.8386726,20.295069,7,5
-47.33182,22.31611,1,8
6.084918,-4.8118253,1,5
16.60493,24.083294,1,0
-2.8915699,6.1815786,6,5
-19.820927,-42.304485,1,6
-11.253449,11.35479,0,0
-38.66555,-33.77604,2,6
-16.251383,-40.51035,0,6
21.650455,-12.361658,3,4
18.749723,-10.225766,5,7
47.577938,21.047564,0,4
-4.685589,26.041061,6,5
-29.482904,-21.750689,0,6
35.788113,-12.989711,1,4
-14.647392,-46.661015,7,3
18.552622,17.549538,3,0
-44.105007,24.822353,2,8
-18.04752,-46.603645,3,6
-5.937086,10.198349,6,7
-5.49232,15.963679,5,5
-36.271347,-45.05424,2,6
44.807835,2.0432873,0,4
3.7469332,-11.145018,3,3
-39.20355,-25.97356,2,6
29.901566,6.6056356,0,3
-18.36821,-13.156153,0,8
16.930239,-3.603564,0,1
9.029573,32.473785,2,7
-3.1058478,11.203529,0,0
-27.512962,36.16715,1,3
0.7683702,18.141106,5,7
-15.104231,5.38839,5,7
10.533707,-7.689505,8,3
9.595342,-5.1007485,4,3
-32.35898,-47.029324,0,6
27.337425,-4.427752,3,0
6.518345,16.71454,0,0
34.011005,-9.971076,0,4
-18.59145,-27.002317,0,6
-4.199508,-2.6134062,0,5
-15.360348,17.80844,3,0
1.7136372,13.18355,7,7
-26.400873,-39.628845,0,6
28.314266,-10.395216,0,7
-25.584446,-49.271694,3,6
3.9793892,-11.774986,3,3
44.823296,15.697194,1,4
29.338572,16.493433,1,0
35.013535,-12.883125,7,4
37.638233,-9.659974,0,4
-36.692047,-21.268564,0,6
-18.794601,-39.17701,7,6
32.124622,-14.75507,4,3
5.1546555,27.563627,7,5
30.380453,-8.661557,3,7
39.87442,5.2019343,4,4
-41.247154,-24.824049,0,6
21.642593,34.130325,7,0
-18.324715,-31.518345,4,6
49.460514,11.716164,8,0
-9.907459,2.4929223,7,7
-34.535618,22.318348,0,2
24.246931,2.7891152,7,7
-13.761117,12.256988,7,2
23.138908,21.006655,7,0
11.994563,-3.20207,5,3
-19.034225,-39.185364,7,6
-18.915102,-46.773083,8,6
47.726124,18.81023,0,0
12.349188,-0.68519074,2,7
33.002766,15.402358,6,0
6.2690926,23.164898,7,5
-1.9400395,13.685523,5,7
3.577857,7.296927,1,0
38.823105,17.808945,0,0
16.370937,13.214629,0,7
19.238108,-22.779692,3,5
41.4678,12.779623,0,7
-34.560238,-24.488407,6,6
-31.96715,-47.060005,6,6
-37.514156,-38.916805,4,6
-51.413845,0.5440616,4,4
-16.71387,-17.103928,3,1
-14.332466,14.003883,3,3
15.565153,34.173946,2,2
47.453297,11.163965,5,4
8.487415,0.030002192,7,0
20.881939,-8.392202,5,7
-26.195763,-47.027695,6,6
-10.345916,2.0083969,7,7
-2.5861676,-11.043444,0,5
5.332662,25.227495,4,5
-23.874817,-32.441566,1,6
21.749517,-5.6664433,3,1
-43.003834,-34.606495,0,6
17.7096,6.3784237,3,7
-32.513546,-47.479507,0,6
-27.556412,34.077305,6,3
-0.8391257,15.972604,2,7
41.34941,18.155462,0,4
-41.326317,29.387358,6,2
14.885728,3.9096158,0,7
18.310102,16.125683,8,7
22.95077,12.626402,6,7
-1.8116977,-9.647137,2,2
-17.10848,-32.71373,7,6
4.603643,18.986383,3,5
11.707024,2.9319527,5,7
15.113131,-6.8742604,1,4
-40.982376,-26.649427,4,6
-48.361626,-27.595726,2,6
50.445858,14.568524,3,4
16.61031,-7.9802375,6,5
-24.04287,-50.336628,5,6
-43.942245,25.317724,2,8
-49.80713,-4.7829027,0,4
47.11945,-0.07019648,0,4
-18.1245,8.616551,0,5
-18.097862,-18.925016,3,1
4.030175,20.870155,7,8
36.2376,8.891057,1,4
9.573972,-6.258244,6,3
17.485836,30.598688,2,0
-0.41383794,-9.500294,7,7
26.68333,-22.213135,2,7
-12.874846,14.211875,7,7
-1.0414702,-6.437,3,7
-22.391897,-26.331478,4,6
0.52056944,17.121595,0,7
12.802473,-1.2102027,2,7
-3.3009725,25.631416,6,5
18.414684,30.748032,3,0
-6.311744,8.71248,3,5
10.308081,16.801981,0,7
28.101616,-12.439699,0,3
48.768337,20.824446,0,1
49.838085,19.796846,5,4
5.963032,6.706829,0,7
13.581701,24.515491,6,0
52.112007,12.545649,2,4
17.233116,38.571716,3,0
-32.099762,-23.641356,0,6
28.773829,22.1713,4,0
1.7903204,-12.328819,0,7
-25.55164,-32.918983,5,6
-14.344436,22.347258,1,5
20.184443,5.0637918,7,7
-15.603146,-35.28231,8,6
-23.720884,-42.902,0,6
34.907413,-15.432998,0,2
-46.67618,22.953434,1,8
19.589886,2.3086853,8,0
15.521968,-3.4186149,7,1
-44.30337,23.23982,8,8
2.3832119,5.9619584,2,7
-38.63128,-41.70777,0,8
-37.444878,-37.89241,0,6
50.602615,14.401431,3,4
-36.13747,-45.01113,2,6
11.004072,27.646118,1,0
29.522924,-6.7307606,7,7
51.59751,19.842041,4,4
-22.678106,-20.679726,7,8
-34.400425,-25.047174,7,6
-7.0910187,12.10253,8,7
-45.073555,25.361544,8,8
13.913728,32.14843,0,0
-32.682045,14.765418,2,5
11.351318,26.323908,4,7
-30.25006,-30.309633,7,6
4.9037323,-18.663935,1,5
9.90972,35.32338,6,0
-33.153873,15.216064,6,5
17.019793,-21.163834,1,4
22.636038,13.842057,0,7
-44.401707,-32.171646,8,6
5.2570868,-0.8323614,0,5
-8.822286,5.704312,7,7
-6.782022,22.678268,4,5
-15.352045,6.9095683,3,3
39.828773,14.078618,5,0
43.615257,11.624833,0,2
-46.14903,25.194109,1,8
27.064861,-0.7706687,7,0
-14.263238,17.925594,8,5
53.877365,9.472804,0,4
-21.21411,-30.678127,6,6
-6.9301214,16.554546,4,5
41.921352,-3.017856,7,0
45.830368,13.522573,2,4
0.9238904,6.602118,1,3
29.657272,-15.783881,2,4
5.788165,-16.503063,4,5
-32.190723,-32.590843,4,6
41.266335,20.368645,2,4
14.021346,11.45589,6,0
-1.0790725,10.061615,3,7
-17.35577,-42.374683,7,6
20.72591,36.299706,1,7
30.887547,7.95537,5,3
-19.521852,-35.41506,2,6
2.9904473,-9.121262,0,5
20.772186,-0.5409194,2,7
8.816458,27.544777,3,5
41.91691,-2.9158707,7,0
-27.095036,-43.080338,1,6
34.23624,6.122141,2,4
21.638617,-14.018184,7,7
15.520592,0.13042773,7,0
-25.639671,-46.237133,6,6
-25.493963,-48.649883,3,6
-48.540005,25.619759,6,8
-21.920734,-34.374035,8,6
12.521681,5.3061924,7,7
42.486168,10.826897,0,7
18.332163,35.821667,0,7
-49.923073,-29.809511,7,6
33.6204,-14.355409,0,4
-41.47954,-27.659105,2,6
3.0291545,-3.9534445,4,5
-33.05573,-32.616188,6,6
8.290656,-17.052864,4,5
-50.943565,-3.3899562,3,4
-14.081499,-39.825954,1,6
25.613974,33.418835,6,0
-19.322708,-33.738403,5,6
-27.601124,-39.870823,3,6
33.23133,-2.5393057,7,4
-38.048195,-24.921911,3,6
3.6137712,9.832962,3,0
-31.568,-37.99219,0,6
9.908268,34.333996,5,0
12.52623,6.2802253,7,7
-13.489484,6.2229376,7,7
-44.179432,-25.712152,5,6
-50.853592,23.733173,0,8
-15.8817,-36.303043,8,6
0.39436492,2.0684476,7,5
-44.30201,28.22816,0,8
30.454573,-7.9726076,7,7
23.158546,23.241804,7,0
27.229145,-4.622351,3,0
0.15072764,4.3209205,5,7
-6.805949,14.141142,0,5
46.61714,15.271643,7,7
34.626015,5.603558,1,0
4.961254,-8.8762865,6,5
-24.481022,-40.09362,1,6
-4.346809,8.801848,5,5
-33.653404,-36.497013,8,6
-23.459536,-45.491226,0,6
-9.822527,7.865242,5,7
-5.0303507,1.1818497,2,5
22.584782,-1.8375453,6,7
-2.6750479,-0.69321537,6,5
29.973137,24.315588,7,4
-23.019175,-30.879211,3,6
-24.758795,-40.897953,1,6
-14.892321,8.030125,2,3
0.67886436,3.6177166,8,7
-18.117115,21.772753,5,2
32.641994,14.882556,6,0
19.203438,30.561113,1,0
-15.201401,-33.969692,5,6
2.2208407,-2.7255495,6,5
8.672727,24.89795,6,0
-43.005726,-27.448618,4,6
45.291843,-0.7246359,7,4
-17.90484,-29.800846,6,6
3.08242,-4.148454,4,5
13.818303,-16.17118,3,7
34.5352,12.545583,3,1
-34.644947,-47.02306,2,6
-39.28805,22.149931,8,2
-27.6413,-23.145405,2,6
-12.520485,-34.77665,2,6
46.127476,21.586248,7,4
8.071071,-16.944271,4,5
2.8754845,25.53344,6,5
-0.27449268,0.3930933,5,7
-20.271278,-32.567192,6,6
-2.0909731,7.4527297,5,5
31.569536,9.856391,0,0
27.545034,-0.68538225,7,0
11.383538,26.578735,4,7
-25.790834,-28.888948,0,6
-27.621035,-42.20254,0,6
7.5159807,-4.179238,0,5
-39.010426,21.801313,8,2
0.33635825,1.8385897,7,5
10.419657,13.443688,1,7
-12.478972,3.539146,0,7
-2.503795,11.38151,7,0
-3.2316294,5.5101824,7,5
-42.782127,-26.555168,4,6
9.853067,-10.081414,7,5
15.336621,-12.863193,1,7
26.298319,14.05469,0,7
42.74981,-2.7456372,7,0
11.999253,-16.798063,0,1
-34.929207,-35.206944,7,6
-31.580902,-21.353289,1,6
18.845078,38.145737,6,0
42.676376,4.5951467,8,0
18.301294,-2.8451884,7,7
-26.35207,-23.06765,4,6
24.199482,31.024517,0,7
11.196437,10.960515,7,0
24.377878,-3.6101959,4,0
-37.760025,-39.24442,4,6
-21.82346,-22.574772,2,6
32.264088,-11.902317,8,4
12.720889,22.534216,7,7
-15.620802,6.4885273,3,3
31.421173,12.342258,7,8
33.118294,0.7548275,5,4
4.8344913,-17.06051,6,5
-48.433403,23.375572,2,8
19.691668,26.684423,1,0
-25.380701,33.878662,0,3
19.967745,-22.327553,3,5
11.736029,27.545328,1,0
24.397627,1.8815684,4,7
45.94764,0.67025155,0,0
4.2484946,-16.231762,0,5
-30.819765,-32.996346,7,6
38.629536,30.260876,7,7
-29.287745,36.482018,8,3
8.199403,36.084522,5,7
3.939434,9.418066,7,0
-24.977545,-34.25041,8,6
7.532858,33.61703,1,0
-28.88494,36.20925,2,3
30.481321,8.465879,5,3
-44.778088,22.788218,5,8
41.773136,18.907421,0,4
7.5847993,8.839819,7,7
-53.07129,-2.537589,4,4
2.914033,-15.371635,3,8
-46.173233,-26.615934,3,6
-18.677536,-15.798897,5,1
-48.543797,-30.27876,2,6
-25.49163,-48.521088,3,6
-48.40198,23.29076,0,8
9.243538,1.2396777,3,0
25.903755,23.642775,7,0
-11.752922,4.877938,5,3
-20.404076,-44.760277,3,6
23.717356,10.502825,6,0
-27.211382,-43.79479,4,6
-22.318108,-35.901875,0,6
38.815598,30.06931,7,7
8.401332,36.08897,5,7
-41.43708,29.308802,6,2
-40.224422,22.703827,1,2
18.017757,19.836544,0,7
42.878273,21.43277,0,4
-38.73068,-29.29558,1,6
29.715025,29.344135,6,0
-41.014294,-30.964876,5,6
4.203009,-0.22056653,4,5
19.877138,20.601835,4,0
-23.314034,-48.373943,0,6
37.151245,-1.2735705,3,4
14.130967,35.72526,7,2
-4.2714825,20.315903,4,5
40.463676,25.806103,7,1
-15.833309,-36.545647,8,6
46.812508,4.450001,2,4
15.906535,-13.982726,3,7
50.274437,6.8147564,4,4
-3.294823,-7.3180246,5,7
42.213608,6.198315,0,0
31.553217,28.164303,0,2
6.4300714,-10.755007,0,5
-46.36581,-32.831394,4,6
54.00791,10.587853,7,7
-34.537804,-38.158913,7,6
35.136402,-5.3489347,4,4
31.326279,-10.207621,7,7
-1.5412093,-13.220379,0,8
-48.02035,-34.953007,5,6
-18.74226,-45.098763,0,6
45.965965,14.189397,2,4
8.635998,-8.075787,2,3
41.310547,11.594313,3,7
-47.07802,23.287151,8,8
-37.74187,-24.782324,3,6
18.957273,37.653824,6,0
6.5471225,-13.421896,7,7
50.550774,13.053097,6,4
-39.941246,-25.392282,2,6
32.031353,-12.867131,8,4
4.137594,-7.284748,3,5
-9.308219,21.15307,7,1
-43.7945,-23.868212,3,6
7.166986,26.396925,1,5
-6.992609,16.389086,4,5
-32.14784,-34.58867,0,6
15.744895,-13.576153,3,7
37.098267,12.825742,7,1
-19.487232,-31.034052,0,6
33.266586,0.36467305,5,4
15.87048,-8.473605,6,5
-8.368886,18.381556,1,0
12.623223,-18.054083,6,7
-28.68234,-42.73261,1,6
22.495691,-20.8304,3,0
17.766047,4.2234297,7,7
-34.611343,-31.482094,3,6
-13.892975,4.094055,6,3
-16.776344,-38.607395,4,5
1.7964833,-10.766711,5,1
20.553019,1.9530829,8,0
-23.106928,-20.134226,4,8
-4.289694,-0.9996499,1,5
-22.22186,-47.36019,6,6
11.097516,19.523182,6,0
12.668888,6.630737,5,7
43.558517,14.138905,5,0
-18.40321,15.58095,7,3
17.685995,-19.014488,5,4
-18.434072,-41.686283,1,6
-50.03201,-1.093697,7,4
26.110668,19.946798,0,0
40.30971,6.237744,5,0
23.118626,-13.318569,0,3
15.560622,21.489923,7,7
-46.455193,-20.882607,7,4
-48.014088,21.244072,1,8
-0.4120549,12.135118,0,7
46.31943,24.718052,2,0
-22.725298,-51.074955,7,6
-42.882587,-16.931017,6,4
48.59603,13.096064,8,0
24.250322,24.898201,3,0
36.13997,-13.121318,3,4
40.886383,-0.8051007,0,0
-13.189114,15.570885,7,2
17.950129,23.399986,0,0
-38.166245,-32.721,3,6
13.331813,38.097813,0,2
-18.59253,-26.578651,5,6
-27.49413,-44.406822,4,6
-17.675583,-14.427714,3,1
-9.971997,-6.4216,2,8
-17.783064,-35.74119,3,6
16.880959,-12.48295,1,7
-1.6987883,-4.3445745,1,7
20.187178,24.849283,1,0
25.033031,-10.81851,4,0
29.21683,8.050015,5,3
-31.88915,15.637744,4,5
-13.758719,-38.94439,0,6
5.547299,19.831875,6,7
-0.33079895,-3.6895907,0,7
-1.7681334,14.104019,5,7
-38.768806,-29.46564,5,6
2.3651202,-13.96753,0,3
23.502256,-4.9796686,5,7
-44.660973,26.472971,8,8
44.725307,-4.3590665,4,4
-11.775522,8.82879,3,7
0.584411,10.475194,7,0
19.221369,15.76256,8,7
-4.343018,22.385025,1,5
-46.7995,-23.961475,8,6
-32.372326,-47.075302,0,6
-30.035162,-41.96411,3,6
49.317207,10.057301,3,0
-45.990116,-27.115788,3,6
19.256367,-18.3646,0,7
-9.872862,-6.370452,2,8
12.801961,24.875587,5,0
-13.210644,20.84957,0,2
-40.06677,22.660192,1,2
49.500263,19.06785,8,4
4.9051237,32.543808,0,0
-14.491043,-33.91864,5,6
37.2569,3.7731755,6,4
23.209179,-9.65668,0,5
27.83997,5.0573745,8,7
-43.94217,-24.098736,0,6
46.003323,9.65341,7,0
10.968082,3.0738618,5,7
-4.5890775,11.1340685,1,7
22.63112,1.4335548,2,0
-21.22602,-35.19778,5,6
4.4816213,20.920973,5,8
16.808464,1.6515878,7,5
45.958965,21.454168,1,4
6.255766,2.7261302,7,3
6.2166324,9.221847,5,0
-30.459244,-30.135973,7,6
48.272705,16.679869,5,0
-45.997063,27.88421,0,8
21.928545,12.363094,8,7
-48.585934,-30.21923,2,6
23.522457,6.748395,0,7
0.29884735,16.059128,6,7
-43.584873,-27.129045,4,6
-46.971615,26.594692,2,8
9.588282,-22.05626,2,3
8.08219,24.990288,6,0
4.759221,-12.021855,7,3
41.78689,11.301165,6,7
27.595377,9.576396,0,7
43.43949,3.7864368,3,4
28.964521,-0.024344072,0,4
-16.063202,7.476991,3,3
-11.5337,21.411938,8,1
-47.71266,20.093979,7,8
-48.402946,19.924114,6,8
-8.266751,18.11759,1,0
0.69507784,2.6851017,7,7
-42.070095,-31.336039,0,6
-15.535451,9.594221,2,3
17.236752,5.752112,7,7
-9.833835,-6.3049474,2,8
-44.846798,-30.536213,0,6
-24.488684,-30.75747,3,6
20.845009,-17.924383,3,7
18.156107,24.606155,8,0
-27.735083,-50.58359,3,6
12.755047,-15.947541,3,5
10.414614,-6.184371,1,3
20.44097,-14.101882,0,4
-32.22581,24.940987,2,2
22.72795,-16.441105,5,7
-43.96699,-17.503822,6,4
1.971874,13.839179,7,7
-28.975481,31.046053,0,3
51.975334,16.966946,2,4
-31.784119,25.37782,7,2
28.868141,-6.339111,7,7
47.849983,13.727098,7,0
-27.93987,-37.86788,8,6
-26.996655,-27.337244,6,6
-3.057058,25.144335,6,5
8.353502,29.452448,6,0
22.175203,-12.73352,3,4
48.682293,16.811861,5,0
-33.31096,15.008943,6,5
-24.622646,-45.98548,6,6
11.118425,-5.710477,1,3
18.613003,16.524042,0,7
10.815764,-1.9954588,3,3
14.220723,19.266945,6,0
-22.842768,-29.553125,3,6
-10.495736,19.316563,5,7
-11.975812,21.435083,8,1
35.919186,12.743583,0,6
-6.01791,7.371385,7,3
39.700348,-5.4412866,0,7
-27.686098,-19.271801,1,6
40.776127,5.8500013,5,0
52.47593,10.631015,0,7
-21.457685,-35.955276,7,6
16.957014,-20.507706,4,4
29.818947,1.0536351,3,5
-37.676586,-28.631372,0,6
24.49974,11.3806925,7,0
-15.568836,14.46918,6,3
8.135501,-7.448489,2,3
-17.498117,-15.381695,0,1
21.649538,23.693348,8,0
-39.758755,-35.5578,7,6
34.37977,-0.2926046,4,4
-45.632786,20.610727,1,8
-32.68066,15.674995,6,5
41.28976,2.1361828,0,7
-38.561913,-32.68099,4,6
6.3845096,-5.207084,1,5
4.5259075,16.45639,3,0
20.717342,5.1167083,7,7
-31.946096,25.361883,7,2
15.776789,40.25067,8,1
-3.8160903,8.005911,5,5
-2.2116659,31.274118,6,6
-37.521885,-32.95955,7,6
2.3567872,-2.475633,6,5
-11.189939,16.572628,1,7
-39.714684,-23.093933,0,6
-21.723658,-49.653687,7,6
9.802548,-22.171804,2,3
31.029234,-6.741626,6,0
-27.302841,37.865227,0,3
45.1184,18.612877,7,7
37.83015,23.065401,0,7
-11.20443,6.4822474,7,3
-49.355194,-3.3476322,4,4
49.21069,13.551218,3,0
-35.221165,-38.159096,7,6
-13.700374,6.833815,7,7
20.656143,25.118921,0,0
-30.207878,33.171444,2,3
-24.168829,-40.836914,1,6
12.595071,-18.049044,6,7
20.250845,-7.6313066,8,1
-48.598755,-3.536767,8,4
-35.193108,-41.548283,1,6
8.07689,6.6317096,0,7
-33.54174,13.676692,2,5
-33.212795,-43.950745,4,6
1.3631216,-0.9459371,3,5
29.948696,8.241188,5,3
42.288292,16.767618,1,4
-15.82412,-40.50873,7,6
-32.475624,15.097581,2,5
49.480198,11.00422,0,4
11.049231,22.159782,6,7
-6.645529,-1.2886184,7,5
10.038279,-10.143361,7,5
-40.517376,-26.292553,4,6
-4.4028387,23.543253,7,5
-13.29296,10.309189,6,0
37.924477,27.06296,7,1
13.975899,-12.383107,7,5
-9.708935,6.652864,6,7
14.126116,-18.69466,7,4
-17.82961,-33.772564,0,6
2.6402173,-0.10852631,8,5
33.096745,-4.7533035,4,4
-20.468536,-35.520283,2,6
9.774241,22.048159,7,5
3.1270182,11.599382,6,7
-29.02836,35.057335,0,3
-35.14645,-36.68422,0,6
14.931762,14.788188,1,7
-28.082842,-42.750538,0,6
10.733152,36.485073,4,0
13.598158,-7.3103538,3,4
-17.754436,-29.502235,6,6
-17.612772,-17.049713,3,1
-47.324924,20.25242,5,8
16.01528,-21.982882,7,4
-13.906964,-39.29725,1,6
33.021976,10.755124,5,0
-11.343413,6.2990384,7,3
21.13767,-5.0967407,3,7
-51.149452,-2.7348065,1,4
-27.591444,-19.159481,1,6
29.928793,-2.041464,7,0
-17.468351,-36.20529,2,6
39.56554,2.1392531,0,7
-31.099453,-38.102657,4,6
7.4475317,3.5680737,2,8
43.260044,4.730992,8,4
28.687557,12.334292,6,0
47.057266,11.008524,5,4
49.171177,12.097542,1,7
-45.56375,-36.018147,0,6
15.895106,40.129837,8,1
-33.28244,24.892973,4,2
-24.884447,-47.14979,0,6
-6.699363,6.695903,6,3
-47.48705,25.679567,0,8
-3.7976701,3.3121693,3,7
29.919867,12.654506,1,8
13.835115,23.043932,7,0
13.937358,-18.654413,7,4
14.736127,14.677324,1,7
9.425409,19.65389,7,5
14.95194,-11.245907,0,3
23.6676,24.74415,3,0
-29.09202,-47.90959,2,6
0.750666,18.292152,5,7
-27.759094,-39.049057,4,6
-49.128674,-32.983967,0,6
29.557762,-6.6433654,7,7
22.020792,-5.6421127,4,1
-0.87538743,3.1930296,5,7
-29.874168,37.39484,0,3
21.766739,34.43638,7,0
19.92039,21.388306,1,0
-46.98151,-23.945024,8,6
-48.04357,27.215511,1,8
21.758621,-17.603937,3,7
20.401508,17.184454,7,0
-46.47982,-21.81376,7,4
9.226743,26.180395,2,0
-23.030468,-24.284513,5,6
-41.60965,-27.843882,2,6
35.175552,-8.218408,0,3
16.959038,5.9313593,7,7
12.604075,16.528938,3,8
23.871923,15.358066,7,7
-15.810384,-18.616959,3,1
2.3502452,6.432934,2,7
0.66182333,-15.438959,0,3
-42.776604,-40.647373,8,6
-29.650982,-32.520306,0,6
5.4491,26.664446,5,5
-27.760462,-42.999695,1,6
-19.661814,-35.27582,2,6
-5.0740685,4.9213157,0,5
-18.987082,-14.828693,0,5
-34.62704,-22.203554,7,6
-28.72762,32.196156,2,3
-15.833111,-34.265793,5,6
27.135593,32.51944,3,0
-46.925133,28.208544,0,8
46.703426,15.459214,7,7
-18.910866,-12.673792,4,8
-53.078125,-1.2454995,1,4
-30.508842,35.588524,2,3
36.911728,-2.441107,0,4
-32.737732,-36.46164,3,6
52.522476,13.64142,2,7
-36.92362,-28.142607,1,6
-13.494318,8.390977,0,3
44.79905,-3.076403,3,7
19.523119,34.744034,7,7
-49.800957,23.909897,5,8
15.663769,18.122223,1,0
17.604868,-8.396224,7,7
10.629901,4.336301,7,7
20.505903,16.692266,7,0
-28.75857,-25.682674,5,6
-51.810757,-2.0572584,6,4
5.738669,18.285107,0,0
25.664927,-6.8399305,3,0
16.5969,29.425,2,7
4.5003257,-9.403398,2,5
18.793022,-5.7508516,2,7
4.8102984,2.817854,5,7
29.960745,-11.224132,0,4
33.46527,4.0455074,4,7
25.173138,2.6257539,3,0
-16.52267,11.259464,5,7
28.671772,10.99786,2,0
-5.4919314,-7.2028666,0,5
-19.410439,-33.09289,2,6
-1.0157579,10.464289,3,7
29.195147,14.342997,6,0
-48.32441,-39.331005,6,6
-47.976707,27.776575,6,8
-2.3081565,17.752808,1,5
-52.067894,-0.87712234,1,4
-37.06393,-29.27962,3,6
-17.88709,-31.77676,4,6
17.119518,15.909586,4,0
-37.222466,-17.09624,0,6
-28.762503,-47.6416,2,6
20.725784,-21.333288,2,4
-35.199,-42.077816,1,6
-28.470724,-24.199537,7,6
3.1904752,-1.9075056,1,5
-41.801834,-17.003176,0,4
-47.24673,24.160416,5,8
-32.096672,-18.675459,5,6
20.353424,32.507763,6,0
0.9214701,10.2830515,7,0
9.65987,-13.665903,7,5
36.29266,10.578543,0,4
21.523058,30.775408,2,0
17.24907,38.595634,3,0
-42.11222,-33.70741,6,6
28.33695,18.946423,4,0
7.3162527,8.744017,4,0
22.034065,-15.03175,7,7
-49.020042,-0.993269,5,4
8.910624,9.31782,0,7
-10.82264,20.135166,6,1
-0.0078008776,-9.333928,6,7
37.908306,-2.8553467,0,4
33.255123,6.268781,6,4
-3.1383128,19.653887,7,5
39.328655,8.401906,0,7
14.263176,40.00658,5,1
-15.848513,-17.160519,3,1
-15.110255,5.0420446,5,3
46.3137,9.012978,0,0
12.71377,26.360771,3,0
-33.0678,15.753773,2,5
-1.4671113,-13.258556,0,8
12.915748,39.24223,4,1
20.547186,16.37447,7,0
33.386395,12.09626,7,0
5.6718383,25.881718,1,5
-20.935017,-49.46142,7,6
24.41727,34.786114,0,0
-11.347388,26.059523,5,8
-49.51963,-3.8353176,8,4
-18.736984,-47.793842,7,6
10.047356,-7.9839854,8,3
-51.99445,-2.6037831,1,4
-25.339678,36.785633,7,3
0.04084617,10.589822,7,0
-44.65083,-28.716377,1,6
6.6094546,-19.950174,7,5
7.5048733,-21.894741,0,3
4.0371575,2.9868822,7,0
-49.69987,0.528852,0,4
-30.107855,-35.97594,3,6
-4.53903,20.45693,4,5
6.675147,-5.8233805,7,5
16.577436,-4.3587103,4,1
31.242523,-12.376939,8,4
22.450703,24.35199,5,7
14.549974,-6.4238214,7,0
-6.73988,24.753826,7,5
-25.999435,-25.864004,6,6
14.09713,-12.5891695,7,5
16.731232,30.85495,2,0
-7.130672,9.959105,5,3
-32.017757,-49.118732,0,6
6.9233294,1.7565887,8,3
-18.456484,-16.171597,6,1
4.379611,-7.8594756,7,5
-5.5037274,10.6121855,7,7
11.764612,-4.692073,0,3
-30.484745,-37.011326,6,6
24.892223,16.440966,4,0
-35.058258,-41.70752,1,6
29.395578,21.639725,4,0
-26.006792,37.556152,2,3
33.906986,5.2333455,4,0
27.20713,5.634784,8,7
16.461775,-7.873069,6,5
-37.24998,-41.298363,2,6
11.380501,1.4061087,1,0
-52.005215,-1.5139346,7,4
-4.5877395,27.894178,7,6
-34.864815,-27.292536,0,6
3.7627563,7.2778997,1,0
1.7615083,21.600088,7,5
-9.996906,2.6384158,7,7
-23.421446,-51.912975,6,6
8.736768,15.781593,8,7
50.40976,19.989773,6,4
24.131382,17.486057,8,0
28.200241,18.535952,4,0
-45.4169,23.939623,0,8
31.377699,-8.03094,4,1
46.454613,12.24215,5,4
41.98129,23.321976,3,4
-39.528576,-37.223717,3,6
-16.584597,-38.4381,3,5
-8.62276,17.69515,1,0
8.379286,26.990007,2,5
-50.953693,-0.93249977,6,4
-46.704933,27.770195,0,8
21.34054,25.349209,6,0
34.796352,19.97917,4,7
-38.992825,-20.307775,4,6
-41.470745,22.04365,0,2
38.68249,3.6978717,5,4
-36.71404,-31.585337,4,6
37.641373,27.161877,4,1
23.753096,15.557771,7,7
13.033573,-18.057377,6,7
-31.041986,-20.795202,1,6
-46.11203,-35.72404,0,6
-50.333103,-0.45052084,3,4
14.802834,-1.8855549,0,2
23.45865,3.380346,4,0
31.458376,19.315268,8,7
-4.8343534,16.196081,7,5
40.990307,-1.1931088,0,0
-33.50526,15.303618,2,5
-15.810478,19.875463,4,1
29.856586,24.476374,7,4
13.603519,35.776424,7,2
-44.619602,-24.704412,8,6
-29.12408,33.876694,2,3
-16.327082,-30.059479,0,6
35.348217,10.039484,0,4
45.512127,-2.7369998,3,7
37.363667,13.271539,2,1
-29.461393,-26.399736,4,6
-33.849415,-29.139982,3,6
-27.451101,-38.444523,8,6
-50.719456,-5.0687375,3,4
42.908665,-0.7052367,7,7
-17.82175,-17.432808,3,1
-0.7885118,7.311153,0,0
12.30773,4.2144375,3,7
-30.026556,-31.084219,0,6
19.29626,-13.287587,3,7
-45.08912,27.084372,8,8
6.302808,25.431576,5,0
-13.668938,18.353506,8,5
-12.027895,13.539165,0,0
-31.769363,26.28368,6,2
33.385384,-11.137923,3,7
16.429083,6.13003,7,7
52.30282,8.879636,1,4
41.324097,-9.713644,4,8
-31.991436,14.521368,2,5
-46.52556,26.304512,2,8
29.114113,8.225715,5,3
23.203287,-4.3831587,5,7
-3.1575382,7.888276,7,5
-46.11109,23.976637,6,8
15.383933,21.995539,7,7
-44.274147,-25.173422,7,6
28.541105,11.447733,5,0
-19.154852,-37.08165,0,6
22.00287,-22.82758,1,4
-17.308275,15.580951,1,3
26.318554,11.396033,2,0
-25.077024,-35.551456,2,6
-49.148434,-2.3812354,7,4
14.590701,9.283828,0,7
-17.389313,-45.407234,0,6
-48.16957,-39.32091,6,6
14.801282,18.901804,4,0
-45.454082,22.218775,0,8
-21.383057,-35.131447,5,6
43.42488,-4.1037965,7,4
34.36834,-12.819088,7,4
-0.87338626,14.689341,6,7
22.505997,28.268799,0,7
18.513994,13.645377,5,7
-35.031734,-19.74782,0,6
46.92396,-1.4234205,0,4
23.260977,13.099664,0,0
-29.487259,35.273888,0,3
35.993015,4.433208,1,4
-6.5297055,7.22936,6,3
-49.342243,-4.592295,0,4
1.4726008,2.1480086,5,5
-24.118782,-51.4935,6,6
-25.961039,-38.36826,2,6
3.777759,-11.448068,3,3
12.131414,9.113399,0,0
-26.029337,-31.026611,1,6
15.437644,-14.9632,5,7
17.637302,9.943022,5,0
-49.408318,-33.70453,0,6
-30.842707,35.22708,6,3
34.987766,-13.949935,0,4
37.563213,5.0937634,4,4
-20.256977,-32.987537,6,6
-51.582058,-1.5936605,0,4
45.81175,-1.5152981,7,4
20.108585,-19.772488,1,7
-27.963015,35.884995,8,3
-37.314457,-33.291107,7,6
42.075577,5.02215,8,0
10.567761,11.219597,8,0
7.913715,29.464664,0,0
-7.842019,3.2558076,2,3
24.432688,-3.5386577,4,0
9.122964,19.861362,7,5
-44.065422,-17.71518,6,4
-29.917015,-29.429697,4,6
-47.411716,21.7291,1,8
18.705551,3.309514,2,7
1.620606,8.959888,7,7
23.344028,-1.8346436,5,7
-50.314842,-3.669068,0,4
-48.90385,-28.850613,6,6
33.371098,-8.012181,7,3
36.919212,11.729711,0,4
22.50619,31.893806,0,7
-29.696281,35.76079,0,3
-28.901556,-41.794388,5,6
-29.300066,-36.391388,6,6
16.16434,21.159834,3,0
-49.854656,21.49297,6,8
-27.84555,-22.88076,2,6
48.143635,10.231718,4,4
44.90946,7.7541046,4,0
10.076808,33.002373,0,0
-16.894743,-34.310894,7,6
-3.9047596,5.342151,8,5
3.9113078,-3.860193,4,5
23.27489,32.76703,6,0
-10.087257,8.32348,5,7
-33.60156,14.800194,6,5
34.3191,0.1017052,4,4
10.9779,1.4271806,1,0
8.9835825,6.1799836,0,7
-48.57568,25.11201,4,8
-8.59534,5.4231286,7,7
-3.6747806,5.3886294,8,5
25.903597,-18.321825,5,4
1.9297309,26.628685,3,0
-46.0222,19.859898,4,8
18.173616,-19.447197,0,4
29.59607,10.096571,0,0
-29.297201,-20.511591,3,6
2.3682625,6.9551053,2,7
1.7496817,8.2381735,7,7
-26.043528,-35.848595,4,6
-39.021103,-34.01865,2,6
-27.78351,-35.40363,7,6
25.870388,8.3745,6,3
-20.373016,-43.85941,3,6
36.73378,-1.3705429,3,4
37.967564,13.54816,8,1
-18.115356,13.969075,5,7
21.567883,31.020231,2,0
4.6024475,-0.037452236,4,5
-19.234861,-42.39684,1,6
20.478445,-21.009708,2,4
40.329155,22.45968,0,0
-50.045223,22.338339,8,8
10.087096,36.02806,4,0
37.588024,11.697095,7,4
30.654377,17.745142,0,0
41.651264,18.132832,0,4
-26.027308,-33.315514,3,6
14.098642,-6.2743692,5,0
29.399576,-2.8776224,3,0
34.23279,2.20631,3,4
39.8946,-10.934959,4,4
39.02805,6.450583,4,0
-1.1280305,-6.2198434,3,7
-35.38324,-31.187782,8,6
-41.566944,24.441658,0,8
-35.94369,-39.84763,0,6
42.651955,-4.1840715,7,4
-9.253699,21.057785,7,1
-51.54967,0.03257804,4,4
-26.094944,-38.20698,2,6
40.612,1.3962864,1,4
-28.120384,-22.703989,2,6
7.3104725,33.465313,3,1
-41.155174,-31.409693,5,6
-26.828173,-47.347588,6,6
19.143772,-3.3873258,0,3
7.073996,16.04369,0,0
22.601845,7.402571,0,3
37.72216,0.684701,0,4
34.357986,2.3697371,7,4
50.64992,4.70255,0,4
10.702735,4.048818,7,7
19.279295,10.071289,7,7
-9.902992,22.574251,0,1
13.040644,0.28470102,8,2
23.918306,8.143163,4,7
-6.7961693,24.891733,7,5
41.270294,-3.908016,0,4
16.51485,34.9388,7,1
-44.911213,20.87571,6,8
15.844308,7.4030185,0,2
20.992924,-4.8185725,3,1
-27.478148,36.98457,0,3
9.9433565,-20.066973,7,3
16.793495,2.743696,3,0
-34.3759,-38.15873,7,6
5.4246273,20.618677,6,5
37.59001,2.314057,3,7
-11.763371,-40.914806,2,5
9.98376,-12.925498,6,5
-20.16067,-46.593052,0,6
-26.441505,37.40232,2,3
28.333838,-16.165949,0,2
6.031813,-11.220625,0,5
20.446152,2.847872,8,0
-36.090725,-43.047016,1,6
2.0700908,4.363208,7,7
-45.46869,21.65965,0,8
33.3215,8.57421,0,0
7.251625,29.960646,0,0
-7.8831134,10.593819,6,3
29.401745,-3.6436846,3,0
12.642256,-12.237884,4,5
-34.929565,-33.812996,1,6
7.907424,23.56041,0,5
36.127335,15.254245,1,8
-27.955984,34.799206,2,3
22.592468,10.491544,6,7
16.71249,9.829359,5,0
19.714851,10.779173,8,7
15.609875,11.489222,7,0
3.9191868,4.6935344,2,7
26.823645,21.253975,8,0
0.68514353,-9.630185,6,7
46.609383,4.1472297,2,4
31.325562,-13.734517,3,7
-22.75779,-37.675644,6,6
-1.2716508,9.786464,3,7
-32.549118,25.543121,7,2
29.504293,11.365919,2,0
-11.911579,-30.75654,4,6
43.28294,-0.13135332,7,7
45.142365,19.336752,6,0
2.7776651,17.571878,3,5
-19.297882,-41.410854,1,6
-29.211798,33.23104,2,3
-15.8542795,-40.441124,7,6
-39.89139,-32.853592,2,6
-16.418428,-31.68583,0,6
-0.30895472,13.419847,0,7
9.148431,36.815052,0,0
-40.760754,-34.289165,0,6
21.960314,10.216698,6,7
19.976755,6.3780065,8,0
-17.11283,-32.892525,4,6
30.506958,30.373999,1,0
-30.599709,-38.727814,6,6
-20.450403,-45.901142,0,6
1.9808437,17.378334,3,7
2.1085694,22.33759,8,5
22.404785,-10.970838,8,4
49.56584,8.632607,0,4
38.820374,8.309736,0,7
9.452246,-19.421185,7,3
-33.000725,-42.240513,4,6
-37.34686,-40.9174,2,6
-44.423344,21.989628,5,8
-16.246124,-17.488768,0,1
37.376217,-9.914113,0,4
-26.449131,-42.40503,4,6
17.057068,-0.6510093,6,7
26.494713,32.336353,3,0
-45.613094,25.30375,1,8
41.76934,-8.956435,7,8
-7.2219768,15.241756,6,7
-45.1742,-31.743025,6,6
-25.240845,-52.70453,6,6
13.822858,39.605404,7,1
-43.138634,-40.23147,8,6
-44.655346,-25.15625,3,6
31.641048,-8.152556,8,4
-39.451603,23.495184,0,1
-37.36764,-28.206554,1,6
-20.489935,-30.677832,6,6
42.976532,9.754162,6,2
13.7879715,22.923393,7,0
-28.9864,-41.330376,5,6
-0.661781,-7.0823236,3,7
6.750437,25.65776,7,0
-32.35287,-42.965763,4,6
17.683348,3.1003354,3,7
-23.117847,-26.440279,4,6
-17.728226,-37.68792,6,6
10.158235,-3.7955363,0,3
9.681914,-1.3360722,8,3
37.8202,20.49322,7,4
-29.713188,-40.478355,0,6
-24.36573,-29.89577,2,6
15.558334,-14.039777,5,7
20.102167,10.371192,7,7
46.236507,19.543804,1,0
43.933434,14.026368,0,0
1.4875406,13.101355,7,7
20.411463,34.366367,7,7
-15.588837,-18.34774,0,1
38.97444,3.1807337,5,4
25.11828,10.119224,7,7
22.97357,23.520233,7,0
-40.043644,-29.505577,1,6
-51.83904,-3.6306055,4,4
45.261986,7.9149895,4,0
4.561618,24.755472,7,5
7.747019,-20.249866,2,3
18.96589,23.625555,0,0
-7.4464393,15.492799,6,7
45.51712,19.852257,1,0
-9.334502,13.452725,8,5
50.84702,10.172744,2,7
22.323078,26.509012,0,7
44.79394,-2.2867017,7,7
-12.290644,6.5667048,3,3
-5.5223737,11.133502,7,7
4.5735245,5.442229,6,7
19.54713,-10.652545,1,7
-12.282988,-34.894848,2,6
-3.3790157,-1.069653,7,5
5.328331,-3.8248181,0,5
-47.706627,-31.236088,3,6
-32.841213,23.697233,2,2
46.47739,8.230193,0,0
23.515818,11.965877,0,0
-27.214539,-33.42392,8,6
43.164135,-0.11117559,7,7
12.691427,-3.4186225,5,3
-14.80023,-46.534626,7,3
28.99982,1.549068,7,5
-6.9578757,4.013612,4,3
29.003462,14.30791,6,0
37.99914,20.216724,7,4
-42.491035,-31.537354,6,6
-31.930523,13.868755,2,5
-11.987114,5.2910404,1,3
8.124612,27.036022,2,5
34.888187,-6.3089113,4,4
-22.36913,-44.793682,3,6
12.744202,2.468128,5,7
8.076331,10.884383,5,0
8.401143,4.1013765,2,8
-37.337296,-24.228909,2,6
6.7965465,-9.983535,5,5
-45.50806,26.376383,8,8
21.98228,-11.758967,4,4
21.049679,-0.61900747,2,7
-48.078533,22.700825,0,8
27.23739,32.462963,3,0
22.642475,1.2037092,2,0
4.7404165,8.435853,4,0
-34.40593,-37.48355,8,6
36.190006,-9.68428,0,3
36.468487,10.838093,4,4
23.002369,18.579403,0,0
-0.61533237,23.649406,0,0
35.421093,-12.034144,7,4
-32.922165,13.995826,2,5
-25.356663,-52.2368,7,6
13.218253,25.821875,2,0
-7.533683,4.6658587,6,3
20.206375,1.5236559,1,7
13.285861,12.631867,0,7
-28.999117,32.387207,2,3
23.222425,8.270918,4,7
-1.5534258,26.020998,7,1
36.250385,4.5914745,1,4
44.726826,19.96709,6,0
8.547027,-8.343764,2,3
7.7308087,16.600573,0,0
-12.684077,14.876387,7,2
-32.51971,15.675325,6,5
4.9031925,-8.8325405,3,5
-33.160606,25.258623,1,2
-33.969208,-21.989445,2,6
-51.13097,-2.5537472,1,4
-39.322075,-37.738068,3,6
-32.40669,34.311085,8,3
-49.289417,23.868546,2,8
-14.889293,6.9019046,8,3
16.697618,9.679642,5,0
16.811031,-14.025129,3,7
13.734618,20.03476,7,0
38.055523,9.70012,0,4
-3.632513,-1.6605825,1,5
30.653181,19.52645,8,7
-1.8884631,25.751816,7,1
5.057988,4.9014397,1,7
22.662039,-7.313439,2,7
10.729167,-5.3967843,1,3
33.752472,3.3496811,4,7
-34.03618,-32.17703,5,6
-34.52591,-25.28432,6,6
20.15961,2.7691514,8,0
3.1521235,0.7369795,7,5
46.654327,1.7698272,0,0
29.41572,19.00112,3,0
24.01398,16.290941,7,7
7.5725904,-12.290659,0,3
-4.436085,23.5706,7,5
-29.096226,-50.199238,0,6
-30.945837,-42.33332,6,6
2.514184,-1.8438151,8,5
22.246225,12.0739565,7,7
12.242222,10.829495,0,0
6.4739876,33.642963,4,1
40.73407,6.0006065,5,0
-37.236465,-25.68691,0,6
22.702269,29.25446,3,7
-44.151764,-36.01037,6,6
28.575066,-5.862672,2,7
33.02886,5.9044576,7,4
-27.092007,-24.965336,7,6
6.4241986,-0.20029365,0,5
10.014012,-8.156804,8,3
48.481445,22.634928,0,0
-28.714634,33.199852,2,3
32.31122,-2.4554896,7,4
-48.009228,-35.46865,5,6
6.163234,22.248474,7,5
48.62749,7.902616,0,0
16.789444,-0.5797771,6,7
9.539515,20.642603,7,5
-22.941553,-31.159239,3,6
18.885374,16.294556,8,7
5.5646653,-18.687553,1,5
15.351488,-18.425554,0,4
24.275639,-13.252403,0,2
-30.105356,32.7857,2,3
31.043072,-13.329686,3,7
29.568851,29.570692,6,0
10.714826,-10.429137,7,5
-12.316692,6.705558,4,7
-49.38925,21.018518,1,8
-39.953964,-28.384876,6,6
-39.993633,22.404818,8,2
-6.414397,-1.5739073,7,5
41.99315,0.3108291,0,7
11.756482,-19.476692,2,3
25.005129,-11.060222,4,0
14.527389,39.870327,5,1
40.777473,-2.9746013,2,4
-16.799252,-19.942074,5,5
4.590786,-17.316065,6,5
-33.214752,14.554404,2,5
46.71899,16.994446,6,0
1.0410582,-0.085379064,3,5
11.710238,-19.515938,2,3
10.903204,-9.634883,3,7
19.433062,35.20364,1,7
-9.836795,6.5923076,8,7
18.531338,-15.735556,0,7
-33.60746,-19.930494,2,6
5.5968213,24.49856,1,7
5.8850927,-1.6876273,5,5
-50.451614,-0.34787104,1,4
34.57043,18.156185,4,0
-31.526436,-16.958536,0,6
52.324738,14.843801,0,7
33.750404,12.216154,4,1
35.272133,20.788332,4,7
-45.942924,22.290934,1,8
12.085468,4.635204,0,7
-28.555117,-50.143604,3,6
-2.030683,24.435095,5,0
-29.698454,-30.759693,0,6
4.855338,25.558155,8,5
-38.381252,-40.60861,6,6
44.94897,24.831867,0,0
-14.244757,-18.778095,1,1
19.646381,9.41062,5,7
24.158314,10.887318,0,0
3.8892462,6.247786,0,3
-5.8228197,20.988878,0,5
29.828035,-16.040905,2,4
8.634558,15.967852,8,7
-27.458652,-25.068893,7,6
14.154394,-14.293529,0,5
31.502756,-2.4431345,3,4
38.55258,29.977615,7,7
-50.009083,24.896355,7,8
9.185318,4.5548935,2,8
-45.972015,-36.149063,6,6
40.30257,12.335574,0,7
12.138297,11.793751,1,0
-40.582428,-17.061947,0,4
-13.454478,21.899237,2,2
-9.087821,19.449001,0,0
12.015889,-22.250391,8,3
37.14508,-1.0620109,6,4
24.51848,-2.638581,4,0
48.979843,8.378326,0,4
-22.942673,-38.012505,6,6
-15.606592,-34.598873,2,6
1.6023962,-6.170795,0,8
-13.401175,12.542448,0,2
50.735016,12.939382,6,4
5.3778644,-12.769672,2,7
32.190018,12.432896,7,8
12.818499,24.973452,5,0
-3.3331099,4.3667707,0,5
41.043945,8.14232,2,0
30.095507,-11.597125,0,4
22.244728,1.8412184,2,0
-17.337908,21.883722,5,2
46.53015,22.900206,6,0
-17.799189,21.828512,5,2
51.81378,11.385987,7,0
-41.476116,-33.39138,6,6
-26.52193,-46.602978,6,6
13.0473995,29.641033,8,2
-18.930326,-39.008003,7,6
-49.025005,-3.4044857,8,4
-48.19082,27.331995,1,8
30.714037,-6.3858747,6,0
23.260462,3.8775952,7,0
-14.083876,6.846827,4,7
-15.597358,20.385483,4,1
-27.343845,-49.349445,0,6
16.459599,11.653423,7,0
43.940403,-5.7413716,0,4
50.764996,10.266688,2,7
-17.871946,-27.687197,7,6
-16.124895,-45.54466,6,6
18.1088,6.172201,3,7
-46.39806,-27.264982,3,6
-30.858698,-22.128056,0,6
15.905951,-19.261614,6,4
-10.821303,6.5169525,7,3
-11.028574,16.371984,1,7
-4.532365,15.32697,7,5
-18.24285,-43.248085,5,6
43.14601,2.493129,3,2
-21.169888,-38.7142,4,6
13.48452,29.858065,8,2
-7.0274444,22.84159,4,5
29.354263,-3.192016,3,0
-31.646526,-30.981852,1,6
33.876717,-10.35223,0,4
-15.36174,-38.920506,0,5
-28.362587,-31.461416,4,6
4.481315,8.324377,4,0
-52.801674,-1.6757256,6,4
-18.058962,-19.34687,6,3
-18.631691,-13.65621,7,8
16.435606,34.715794,7,1
12.741691,-3.3280547,5,3
-33.50107,-24.998283,4,6
-46.228783,23.385984,8,8
-23.696093,-52.431,1,6
-18.629747,14.532563,5,7
-24.932207,-38.618454,3,6
45.078644,-4.0610166,4,4
-3.3685539,7.3890643,7,5
-29.782625,-20.055756,3,6
-14.452883,4.9900355,5,3
-20.956125,-32.86668,8,6
-30.870256,-27.964222,0,6
13.755045,23.949251,7,0
0.52922153,3.677257,5,7
-45.669445,22.106352,6,8
-44.064514,-38.619305,7,6
35.67033,10.196288,0,4
35.638203,-7.4787955,7,3
-8.275235,9.7227,1,3
48.131886,17.2158,5,0
-16.161217,-45.297165,6,6
34.934315,6.277614,5,0
-19.974098,-27.946743,0,6
-48.041183,24.549984,2,8
-46.34393,-36.701206,3,6
-30.78601,-31.289179,5,6
19.45395,26.823343,1,0
23.044882,21.550896,2,0
39.161724,-7.0326104,5,4
-16.217823,-31.822126,0,6
51.23504,12.634042,7,4
-50.89948,-1.7711082,1,4
-2.2541816,6.872799,6,5
-47.33773,26.651022,0,8
-26.277994,-22.35827,4,6
41.938133,22.372776,7,4
-0.8765707,16.390724,3,7
6.4138017,22.97477,7,5
38.739155,28.185232,0,1
8.161275,12.048062,2,5
22.63742,15.7959795,0,7
20.712666,6.713698,8,0
8.543752,21.428165,0,5
-45.270214,-25.71687,4,6
-28.14588,35.984615,2,3
31.750612,-3.0443597,3,4
18.1012,-13.951656,1,7
26.756939,14.984318,1,0
22.351469,-14.684617,8,7
-41.380066,-18.783901,0,4
17.05501,1.4523895,0,5
-16.619549,12.469282,1,7
-37.516712,-24.706535,3,6
-38.89371,-28.396957,2,6
-28.316286,32.910446,2,3
23.692644,-0.6807363,7,7
24.000433,27.607342,6,7
24.659822,6.453357,7,7
40.573265,20.946547,3,4
18.952501,9.730995,1,7
-46.156765,-31.860144,1,6
-28.128265,-33.166664,7,6
-1.5861747,2.473815,1,7
26.59938,28.777622,3,0
-38.25383,-30.626823,3,6
40.87428,8.634042,7,0
22.045496,-13.442331,7,4
-0.5621972,14.4297695,6,7
11.626614,-22.043337,2,3
-28.251438,-29.06603,0,6
-41.73945,-36.23153,0,6
38.060596,6.503793,5,7
-49.845497,-29.706018,7,6
37.04479,18.564823,2,1
-18.690384,-20.082642,8,3
-45.066647,21.234835,0,8
25.928734,-18.316525,5,4
30.290575,29.11978,6,0
-18.520672,-47.775585,3,6
-25.177763,-32.18196,5,6
42.137688,16.833088,1,4
19.908228,-13.100109,3,7
17.454468,31.188456,2,0
-17.602526,-15.803998,1,1
14.426613,25.963905,0,0
-25.952892,36.960583,7,3
-32.043934,-26.002213,7,6
19.725513,2.1022613,4,0
8.977259,11.137961,5,0
-4.2307515,-5.8352156,8,1
51.956825,14.15662,0,7
-6.3454323,4.700042,4,3
-36.607613,-36.08997,8,6
27.597414,7.045468,0,3
29.66935,16.942509,1,0
29.337334,-14.141994,0,4
-17.154469,-39.28645,4,5
14.245353,7.7841115,3,7
-9.401438,15.111909,7,5
16.198322,24.10209,1,0
44.871788,10.043068,6,4
5.2484026,2.7092726,8,7
-50.94008,0.055889647,4,4
-26.638811,-25.337263,7,6
-25.736275,35.70481,8,3
-8.716663,1.8936282,0,7
38.854378,26.750755,8,1
37.368946,-7.82814,3,4
-29.64602,32.02234,2,3
-0.9770303,-8.988886,8,2
-45.770546,-24.66432,0,6
42.67354,23.27178,3,4
30.378334,-10.275249,7,7
-18.034071,-22.71654,7,6
32.312756,-2.3198225,7,4
-6.432741,19.387403,8,5
-42.120335,-16.3311,4,4
4.5379806,-18.740307,1,5
19.900337,-10.748616,1,7
-8.355125,14.141835,0,5
-26.402332,-41.703033,4,6
19.06353,10.265974,8,7
38.068714,-7.5297885,5,4
5.4092193,21.103628,6,5
22.792027,28.792452,3,7
-32.59686,-18.582098,0,6
24.450499,2.0619433,7,7
19.293772,25.218401,7,0
10.193537,3.8250728,7,0
-32.08617,15.369897,6,5
16.2274,24.587063,1,0
-44.83858,26.884373,8,8
-17.520557,5.280035,0,1
-18.640114,-37.832108,8,6
1.4153312,-0.14239617,7,5
12.9453945,28.973978,3,2
13.160982,-15.817108,3,5
2.3867276,25.133467,6,5
-42.27607,-36.52705,0,6
1.6255275,21.394766,0,5
34.567127,-12.273266,7,4
-35.77986,-32.97746,0,6
0.798602,-5.333209,7,5
-19.369553,-18.536743,5,2
45.78007,5.623621,0,4
6.250164,19.44027,6,7
51.571754,18.105352,6,4
-38.59687,-19.429726,3,6
11.708913,14.50758,5,7
45.82643,11.680793,4,0
-6.6493363,19.851654,8,5
-31.032034,29.797499,0,3
-14.052929,-36.879524,4,6
18.040325,32.625828,0,7
31.287945,30.009882,1,0
-14.3888855,12.378988,6,8
-24.18513,-46.2486,6,6
19.86952,21.6742,1,0
-35.746056,-24.227715,0,6
19.786654,-22.42495,3,5
6.685179,12.053415,1,5
4.6100755,27.508217,1,5
-33.462788,-44.358097,4,6
34.56021,18.57678,2,0
12.181106,20.677084,1,0
-2.2420726,18.049728,1,5
-16.574486,-19.220333,5,1
40.60418,-1.4515094,0,0
-33.2956,-29.720707,3,6
-4.6504292,22.020517,6,5
10.982505,18.761934,6,0
9.801053,26.880547,0,0
-37.386215,-25.448856,6,6
43.27764,4.309146,8,4
39.267437,5.1344643,4,4
2.497454,19.614826,0,5
5.940091,21.37351,2,5
16.651196,24.211351,1,0
54.748226,10.689259,0,7
-17.383158,-42.234028,7,6
12.63783,10.646397,3,0
42.76214,19.730707,4,7
18.077642,28.059847,4,7
-42.136326,-33.747856,6,6
-31.229506,-38.35515,4,6
10.95586,-18.151934,0,7
-6.8205476,4.334543,4,3
-33.25113,-37.781017,4,6
-5.5677395,27.231771,0,6
-25.697128,-51.562622,3,6
-27.12506,-37.622902,0,6
-34.55405,22.587652,0,2
47.763145,3.891415,6,4
3.7770283,30.758097,6,5
-39.139366,22.282757,8,2
10.1227665,2.5334775,0,8
-17.505753,-43.83545,5,6
39.95649,21.572758,3,0
-14.580236,22.632751,8,5
15.185528,-22.541233,4,4
46.009045,18.254179,3,0
-23.409296,-51.544285,6,6
-8.438063,11.631599,3,5
-14.489503,4.5804996,5,3
28.762064,1.7633928,6,0
-26.138483,-33.122833,3,6
-30.786406,-27.698063,0,6
32.850822,2.8511038,0,4
-40.587536,-22.333416,5,4
-23.774315,-42.826706,0,6
32.084732,-11.215784,4,7
-20.98958,-38.464996,7,6
17.232391,29.088388,7,7
34.34028,25.573586,1,7
-39.972416,-30.219925,1,6
18.259321,-2.8534884,7,7
10.6138525,-12.099158,3,5
9.271712,33.730366,8,7
0.38702488,26.373035,3,7
33.646908,9.681991,1,0
-7.4630923,7.4806447,6,3
1.0169227,26.420835,3,7
36.033947,-7.046624,1,3
-43.594536,-39.513252,8,6
39.025597,0.42866662,7,4
-30.727982,-33.136288,7,6
0.12659688,-9.297251,6,7
-27.564322,-28.178705,4,6
-17.041178,8.632673,0,3
12.211281,3.1912265,5,7
0.43169886,-6.526084,3,2
-2.833294,-7.535996,5,7
6.4612784,14.743813,4,0
-26.63969,32.496727,7,3
-33.550156,-31.586008,7,6
-28.288301,-46.600376,0,6
37.050995,19.639347,1,4
-6.072074,6.2889333,7,3
-11.70266,25.639572,5,8
-47.011566,-30.237715,7,6
8.50298,-11.911331,0,3
-42.520744,-38.987347,1,6
14.317222,-0.075275965,1,0
26.924398,21.281956,8,0
33.847324,13.113248,3,1
8.022461,32.097782,0,8
-9.686668,13.988198,8,5
-35.093784,-36.057053,0,6
-27.666534,34.42386,6,3
-42.686924,-29.421642,4,6
21.877687,21.837782,6,0
-20.834042,-40.852417,6,6
-28.691124,-44.752163,3,6
38.338505,22.874445,0,7
19.35919,28.722536,5,7
-3.181565,9.189801,4,5
-27.25155,-34.02529,8,6
-1.5014137,9.593785,3,7
43.481785,-3.0835333,0,4
31.849627,-15.282871,4,3
-20.670902,-28.678225,7,6
-39.710857,-35.662853,7,6
-5.449671,13.095402,0,5
5.7309,-2.6352441,7,5
3.8530376,26.571884,0,5
-29.916775,-36.546677,6,6
-11.091113,8.780007,1,3
-49.18406,-1.9672401,6,4
-27.063404,34.83648,2,3
18.15252,17.000149,7,0
1.816551,-1.9705085,6,5
36.08841,7.9764533,1,4
47.63974,13.624921,3,0
26.680704,-22.206032,2,7
50.500767,18.475824,4,4
-6.547651,7.211332,6,3
-27.558928,-21.259882,1,6
39.76686,25.976791,2,1
9.826888,-2.2583997,2,3
24.875261,6.4940643,7,7
40.897263,0.82162744,1,4
-15.449957,-27.975588,5,6
5.7304006,-15.7117195,4,5
5.7964478,-2.7875295,2,5
-11.595809,25.705873,5,8
49.366226,10.949265,0,4
7.1744485,-2.3135204,3,0
-32.375244,14.287093,2,5
-12.690286,-34.7178,2,6
13.568662,1.4560764,0,0
-21.728447,-23.169073,2,6
16.485992,2.4624434,3,5
-26.362328,37.2683,2,3
-34.68205,-25.852917,6,6
-9.112255,-1.2568177,6,5
0.9459112,-5.916211,3,5
51.10881,20.920357,0,4
-50.205536,-2.5062602,8,4
-33.507584,-19.691483,2,6
-49.57743,26.645187,0,8
6.6857004,15.063962,4,0
18.020424,28.980595,4,7
-24.586473,-34.801994,2,6
42.15115,-2.9668336,7,0
19.176205,-21.156576,0,3
-10.811305,3.0148153,8,3
3.4180646,29.056583,8,5
-18.790771,-18.250296,7,1
31.453466,-2.6012902,3,4
-11.555014,9.156331,0,3
16.651056,5.3966413,7,7
-44.648045,22.088806,5,8
21.696844,-15.612994,5,7
-42.233387,-33.359245,6,6
-38.210213,-40.363052,6,6
38.638496,-4.065508,7,4
12.7127075,16.523996,3,8
-34.518364,22.823492,0,2
-23.83357,-26.345705,0,6
19.510363,1.2890689,5,7
34.74478,20.890856,6,7
-31.93214,-46.43982,0,6
-19.197086,-40.99722,7,6
1.593914,-9.958777,3,5
49.30399,18.807331,8,4
25.46611,30.148045,0,0
-33.693626,-44.693047,4,6
19.234638,31.193798,1,0
-51.149384,-2.1520271,1,4
3.5159729,18.158848,3,5
-4.859365,16.13479,7,5
17.546398,8.890612,8,7
-23.437876,-46.723305,8,6
-29.835972,-41.58117,8,6
4.564475,-6.485191,4,5
28.841301,23.226593,0,7
-32.64399,14.720892,2,5
2.232127,-0.2835558,7,5
-36.039345,-44.103653,5,6
-8.248425,13.683673,0,5
-14.200889,-32.787205,0,6
39.754314,25.912796,2,1
-27.248653,-25.802282,7,6
40.738327,20.274364,3,4
4.0578666,22.004784,0,0
-20.964895,-49.228397,7,6
38.97464,-7.6068015,5,4
-43.69117,-15.418965,6,4
8.880212,-20.252443,0,3
-43.965862,-38.180992,7,6
-49.537117,-4.2750964,0,4
-11.554268,22.779308,0,8
41.09225,10.482031,0,7
4.081061,-8.2637825,3,5
-32.102505,26.25943,6,2
-44.69634,-27.06106,5,6
-42.84896,-17.572329,6,4
-47.8417,-33.72805,0,6
-34.073147,-31.70669,5,6
7.4398646,-14.331323,0,7
-14.344472,19.820843,4,2
7.454242,20.882904,0,5
-23.92122,-20.930885,0,6
-47.725235,-27.956327,4,6
-32.939495,-27.376202,0,6
-2.4421494,7.34327,4,5
14.488015,0.12620533,1,0
-25.236998,37.269196,7,3
21.76375,-6.8222713,0,7
24.307554,17.416851,8,0
15.103931,0.43771923,6,0
44.81342,13.000785,3,0
-12.88357,17.879498,8,5
-30.543692,36.14316,6,3
-2.2636776,31.252615,6,6
-41.00353,-17.028109,3,4
50.226425,6.8581877,4,4
-22.395496,-46.079716,2,6
12.757941,26.57898,3,0
13.357876,7.5593038,3,7
7.8936715,-14.196462,0,7
-4.573978,-5.4381804,8,1
21.366344,31.683172,0,0
10.544464,34.167282,7,0
18.444735,3.5540657,2,0
46.249626,24.89701,2,0
37.44922,2.5094705,3,7
-42.65939,-40.930866,8,6
24.169264,14.879536,0,7
-29.338694,32.33883,2,3
35.904045,15.024627,1,8
10.895483,4.959999,7,7
-40.433685,-20.15552,1,6
41.52092,-6.4374228,7,4
-16.186964,-33.763702,7,6
9.382317,-15.413083,0,5
-22.282127,-34.531925,2,6
-47.682625,21.359802,1,8
14.166527,29.0482,0,7
9.6317,5.7442465,0,7
-34.697166,-22.777151,0,6
-49.368656,21.185503,1,8
-35.419247,-19.6007,0,6
5.257089,10.180352,3,0
-11.579375,-30.553196,4,6
46.39737,20.428154,5,0
23.662489,-0.8087052,7,7
-29.113417,-31.773863,3,6
28.73964,13.138286,6,0
-21.889015,-39.599243,8,6
19.375004,13.026656,0,0
-26.68345,-31.169067,1,6
6.834683,12.0560255,1,5
-30.025341,35.83703,2,3
-2.7752068,12.005439,0,0
25.72958,-6.6020203,3,0
35.57879,15.018441,1,8
-26.19298,-23.701214,8,6
-46.889183,-37.325512,3,6
-0.7674277,-0.002709941,5,7
13.86605,-7.1568084,7,4
-46.491188,26.188961,2,8
-23.02769,-32.497044,1,6
-17.959837,-40.43781,0,6
25.295622,31.27857,8,0
39.40105,5.444677,4,4
24.334084,32.30687,2,0
-50.571842,-2.1210554,1,4
21.937054,-22.807888,1,4
6.916029,9.923227,4,0
-30.326948,-43.782944,3,6
22.379292,1.754565,2,0
-50.906116,-3.5536108,1,4
37.60365,-12.155179,0,4
-25.695879,-41.437973,0,6
-15.159261,17.399107,3,0
-34.916817,-38.680763,7,6
-10.909617,4.569032,2,3
-1.8088955,20.353516,7,5
-38.871403,-30.892637,1,6
6.5527053,-12.950143,7,7
5.4525404,-8.366849,6,5
-14.141888,-40.210175,8,6
51.87512,17.789944,7,4
-8.729713,13.978932,8,5
2.6572113,19.642523,0,5
4.949923,24.575384,7,5
18.902046,25.141897,2,0
46.679024,23.117382,6,0
12.59582,22.338575,7,7
17.129042,-3.2419116,3,7
-14.098708,-18.730244,1,1
-30.310247,34.901318,0,3
-29.872114,35.466488,2,3
-41.290478,29.432526,6,2
-7.6338296,21.18163,0,5
-25.623508,-35.81578,4,6
-34.989662,-34.770782,2,6
-17.504625,-30.797178,4,6
-22.230986,-29.473215,3,6
1.6416843,-12.5004425,0,7
21.574608,0.45106202,7,0
-32.63839,-40.388855,6,6
-49.044315,23.75167,2,8
-24.599016,-45.566467,6,6
40.230106,-10.733761,4,4
-46.773716,21.555779,1,8
44.995792,15.055683,1,4
35.861927,3.3184826,0,7
36.54435,7.6623764,4,4
24.690077,32.37126,2,0
-22.377218,-23.947968,3,6
-2.6523712,17.212297,1,5
-50.52235,24.758686,7,8
25.110832,23.34715,1,0
-2.2848458,19.829294,7,5
51.673416,19.71298,4,4
16.15628,33.389835,5,7
-28.957767,-25.633324,2,6
27.401073,5.5067086,8,7
-27.421719,37.74557,8,3
-28.573206,-31.621807,4,6
35.25735,-10.407378,7,4
-7.419397,2.697739,2,3
-4.4816694,-7.1838455,0,7
30.900034,-6.1040325,6,0
-19.445751,-32.275993,3,6
46.268963,17.761986,4,0
4.4153953,13.989177,4,7
-14.035205,20.170238,4,2
10.264107,14.083749,1,7
1.7744666,3.4761934,7,7
10.92158,18.931538,6,0
42.813038,8.207629,2,7
-32.87556,-18.794731,0,6
16.179409,-11.547829,0,7
-24.186714,-29.626858,2,6
-36.02399,-43.718582,1,6
-41.500618,-33.179726,6,6
10.716908,24.137161,0,7
-29.428083,-27.709248,1,3
17.525208,3.5174518,2,0
-7.410119,1.6526316,0,5
4.308114,13.830464,4,7
10.0694475,29.202068,0,0
-17.456402,-16.616262,5,1
33.890285,-8.380468,3,7
-32.29463,25.03181,0,2
-43.54086,24.40243,2,8
24.334988,1.8148597,4,7
26.073322,24.318438,4,0
37.85478,-3.2137752,0,4
14.333858,-6.4036093,7,4
-3.4777267,8.450039,5,5
-18.817326,-41.66872,1,6
-47.59793,24.135426,5,8
21.952734,23.461426,8,0
-30.145708,-35.085205,8,6
-10.421857,19.077385,1,7
-33.743683,-41.807297,8,6
13.653771,5.6652694,4,7
-4.54096,27.893358,7,6
32.4093,-8.02174,1,4
9.685597,21.649582,7,5
-16.397877,-18.15572,0,1
30.961218,-6.3531075,6,0
17.178345,-11.951921,1,7
11.247996,32.152393,0,0
28.550478,12.652525,6,0
-37.483246,-27.787384,1,6
-43.96824,-17.211596,6,4
42.641342,20.095789,4,7
-26.70285,-50.74291,0,6
-27.746353,-35.418648,7,6
-11.606727,16.715649,1,7
-21.769295,-42.92299,0,6
-32.46806,25.933441,7,2
37.369087,6.0939474,2,4
-24.453884,-30.656956,3,6
-22.08728,-44.94807,3,6
-29.048107,-39.481422,0,6
-1.6120086,-9.25628,2,2
15.3492565,-2.4041584,0,2
-13.863453,-40.224052,8,6
13.326193,-22.72344,8,7
-11.536076,-40.994804,0,5
6.904564,24.75352,7,0
-6.627358,12.676586,8,7
47.65494,5.8430777,5,4
-36.77346,-32.505993,7,6
15.642042,29.021225,8,7
41.818382,-8.366047,2,4
25.733606,2.654639,4,0
23.058147,22.306595,0,0
38.679207,30.032875,7,7
-28.418287,-21.15231,7,6
-14.7340555,-18.157656,1,1
17.693296,4.6340985,1,0
28.314262,-6.7214684,2,7
17.608868,-21.719788,6,4
2.3730044,16.135614,4,7
24.25272,34.999657,0,0
36.434376,15.474634,1,8
40.370148,13.195391,0,7
16.00095,-14.202159,5,7
-47.47175,-34.63829,7,6
-29.825195,-28.732916,8,3
-27.289452,-20.858624,5,6
20.650396,32.625816,6,0
-28.365498,-21.416292,7,6
26.192856,-0.1747508,3,0
1.8652622,3.8569562,7,7
26.447666,13.915856,0,7
31.44863,19.236595,8,7
20.63198,33.403374,7,7
-44.047623,-15.66145,6,4
-22.53153,-46.8344,0,6
9.539945,32.215866,0,7
18.808357,-9.127575,0,3
-14.088032,-36.437393,4,6
29.493229,21.657946,4,0
27.281477,23.885597,7,7
-44.907207,-30.638432,0,6
-23.276314,-19.815928,6,8
39.546467,-1.2455481,0,0
-46.62581,-30.8158,5,6
26.220888,8.314358,6,3
34.46394,-12.618554,7,4
23.407736,11.904723,0,0
-15.1619005,17.47894,3,0
49.96444,18.837177,8,4
-26.2083,-41.529724,4,6
10.144465,22.00601,7,7
-48.956753,23.021223,4,8
-16.380745,-45.264076,6,6
-13.237447,10.439111,6,0
